종목코드,주식명,market
69730,DSR제강,KS
1250,GS글로벌,KS
39570,HDC랩스,KS
9540,HD한국조선해양,KS
267250,HD현대,KS
267260,HD현대일렉트릭,KS
204320,HL만도,KS
680,LS네트웍스,KS
108670,LX하우시스,KS
35420,NAVER,KS
30190,NICE평가정보,KS
10060,OCI홀딩스,KS
5490,POSCO홀딩스,KS
4060,SG세계물산,KS
302440,SK바이오사이언스,KS
475150,SK이터닉스,KS
2100,경농,KS
11780,금호석유화학,KS
214330,금호에이치티,KS
24110,기업은행,KS
353200,대덕전자,KS
6340,대원전선,KS
3490,대한항공,KS
16090,대현,KS
145720,덴티움,KS
2210,동성제약,KS
170900,동아에스티,KS
18500,동원금속,KS
454910,두산로보틱스,KS
13570,디와이,KS
20150,롯데에너지머티리얼즈,KS
9900,명신산업,KS
9200,무림페이퍼,KS
396690,미래에셋글로벌리츠,KS
357250,미래에셋맵스리츠,KS
85620,미래에셋생명,KS
2410,범양건영,KS
890,보해양조,KS
11390,부산산업,KS
62040,산일전기,KS
18260,삼성에스디에스,KS
1360,삼성제약,KS
9770,삼정펄프,KS
136490,선진,KS
21820,세원정공,KS
5390,신성통상,KS
293940,신한알파리츠,KS
55550,신한지주,KS
403550,쏘카,KS
20560,아시아나항공,KS
122900,아이마켓코리아,KS
36570,엔씨소프트,KS
11690,와이투솔루션,KS
17370,우신시스템,KS
105840,우진,KS
5820,원림,KS
11330,유니켐,KS
8250,이건산업,KS
25820,이구산업,KS
88260,이리츠코크렙,KS
84680,이월드,KS
6490,인스코비,KS
23800,인지컨트롤스,KS
230,일동홀딩스,KS
3200,일신방직,KS
7110,일신석재,KS
271980,제일약품,KS
63160,종근당바이오,KS
10640,진양폴리우레탄,KS
9310,참엔지니어링,KS
417310,코람코더원리츠,KS
357120,코람코라이프인프라리츠,KS
192820,코스맥스,KS
5420,코스모화학,KS
3070,코오롱글로벌,KS
120110,코오롱인더,KS
284740,쿠쿠홈시스,KS
264900,크라운제과,KS
39490,키움증권,KS
9410,태영건설,KS
84870,티비에이치글로벌,KS
363280,티와이홀딩스,KS
16800,퍼시스,KS
3670,포스코퓨처엠,KS
71050,한국금융지주,KS
4090,한국석유공업,KS
970,한국주철관공업,KS
17960,한국카본,KS
7280,한국특강,KS
3300,한일홀딩스,KS
180640,한진칼,KS
9460,한창제지,KS
272210,한화시스템,KS
1500,현대차증권,KS
93240,형지엘리트,KS
3010,혜인,KS
94280,효성 ITX,KS
298040,효성중공업,KS
298000,효성화학,KS
138930,BNK금융지주,KS
97950,CJ제일제당,KS
4840,DRB동일,KS
6360,GS건설,KS
267270,HD현대건설기계,KS
71970,HD현대마린엔진,KS
42670,HD현대인프라코어,KS
97230,HJ중공업,KS
3580,HLB글로벌,KS
2460,HS화성,KS
487570,HS효성,KS
175330,JB금융지주,KS
178920,PI첨단소재,KS
395400,SK리츠,KS
100840,SNT에너지,KS
2820,SUN&L,KS
2710,TCC스틸,KS
35250,강원랜드,KS
12320,경동인베스트,KS
50,경방,KS
214390,경보제약,KS
2240,고려제강,KS
30610,교보증권,KS
14280,금강공업,KS
2990,금호건설,KS
4540,깨끗한나라,KS
8350,남선알미늄,KS
5720,넥센,KS
320,노루홀딩스,KS
58730,다스코,KS
30210,다올투자증권,KS
23590,다우기술,KS
3090,대웅,KS
69620,대웅제약,KS
430,대원강업,KS
15230,대창단조,KS
460850,동국씨엠,KS
1230,동국홀딩스,KS
5960,동부건설,KS
640,동아쏘시오홀딩스,KS
336260,두산퓨얼셀,KS
210540,디와이파워,KS
32350,롯데관광개발,KS
4990,롯데지주,KS
1080,만호제강,KS
94800,맵스리얼티1,KS
6800,미래에셋증권,KS
26940,부국철강,KS
1470,삼부토건,KS
6660,삼성공조,KS
10140,삼성중공업,KS
10960,삼호개발,KS
4450,삼화왕관,KS
21050,서원,KS
1430,세아베스틸지주,KS
306200,세아제강,KS
19440,세아특수강,KS
68270,셀트리온,KS
336370,솔루스첨단소재,KS
134790,시디즈,KS
4970,신라교역,KS
11930,신성이엔지,KS
35510,신세계I&C,KS
10780,아이에스동서,KS
139990,아주스틸,KS
1780,알루코,KS
326030,에스케이바이오팜,KS
85310,엔케이,KS
900140,엘브이엠씨,KS
111770,영원무역,KS
12280,영화금속,KS
72130,유엔젤,KS
457190,이수스페셜티케미컬,KS
7660,이수페타시스,KS
334890,이지스밸류플러스리츠,KS
23810,인팩,KS
13360,일성건설,KS
15860,일진홀딩스,KS
79900,전진건설로봇,KS
2620,제일파마홀딩스,KS
1550,조비,KS
377300,카카오페이,KS
7810,코리아써키트,KS
2020,코오롱,KS
20120,키다리스튜디오,KS
15890,태경산업,KS
55490,테이팩스,KS
4870,티웨이홀딩스,KS
5690,파미셀,KS
39130,하나투어,KS
10040,한국내화,KS
25540,한국단자공업,KS
161390,한국타이어앤테크놀로지,KS
16450,한세예스24홀딩스,KS
6390,한일현대시멘트,KS
372910,한컴라이프케어,KS
195870,해성디에스,KS
101530,해태제과식품,KS
4310,현대약품,KS
11760,현대코퍼레이션,KS
111110,호전실업,KS
8770,호텔신라,KS
298020,효성티앤씨,KS
1460,BYC,KS
114090,GKL,KS
499790,GS피앤엘,KS
9440,KC그린홀딩스,KS
119650,KC코트렐,KS
44450,KSS해운,KS
58850,KTcs,KS
58860,KTis,KS
93050,LF,KS
6260,LS,KS
23150,MH에탄올,KS
400760,NH올원리츠,KS
8260,NI스틸,KS
9160,SIMPAC,KS
18670,SK가스,KS
3570,SNT다이내믹스,KS
12610,경인양행,KS
1570,금양,KS
4270,남성,KS
3920,남양유업,KS
2350,넥센타이어,KS
251270,넷마블,KS
5250,녹십자홀딩스,KS
19680,대교,KS
1680,대상,KS
3540,대신증권,KS
3220,대원제약,KS
1440,대한전선,KS
3830,대한화섬,KS
24900,덕양산업,KS
82640,동양생명,KS
8970,동양철관,KS
377190,디앤디플랫폼리츠,KS
286940,롯데이노베이트,KS
4000,롯데정밀화학,KS
88980,맥쿼리인프라,KS
118000,메타케어,KS
9580,무림P&P,KS
33920,무학,KS
7120,미래아이앤지,KS
3650,미창석유공업,KS
100220,비상교육,KS
68290,삼성출판사,KS
810,삼성화재해상보험,KS
272550,삼양패키징,KS
3720,삼영,KS
11230,삼화전자공업,KS
17390,서울도시가스,KS
14910,성문전자,KS
58650,세아홀딩스,KS
17550,수산중공업,KS
26890,스틱인베스트먼트,KS
29530,신도리코,KS
1720,신영증권,KS
2790,아모레퍼시픽그룹,KS
267850,아시아나IDT,KS
161000,애경케미칼,KS
25530,에스제이엠홀딩스,KS
3060,에이프로젠바이오로직스,KS
278470,에이피알,KS
15360,예스코홀딩스,KS
1800,오리온홀딩스,KS
1200,유진증권,KS
350520,이지스레지던스리츠,KS
760,이화산업,KS
34590,인천도시가스,KS
129260,인터지스,KS
226320,잇츠한불,KS
33240,자화전자,KS
950,전방,KS
1630,종근당홀딩스,KS
44380,주연테크,KS
11000,진원생명과학,KS
138490,코오롱ENP,KS
31820,콤텍시스템,KS
192400,쿠쿠홀딩스,KS
259960,크래프톤,KS
11280,태림포장,KS
214420,토니모리,KS
69260,티케이지휴켐스,KS
34230,파라다이스,KS
36580,팜스코,KS
103140,풍산,KS
86790,하나금융지주,KS
140,하이트진로홀딩스,KS
152550,한국ANKOR유전,KS
5430,한국공항,KS
15760,한국전력공사,KS
4960,한신공영,KS
51600,한전KPS,KS
52690,한전기술,KS
370,한화손해보험,KS
9830,한화솔루션,KS
3530,한화투자증권,KS
64350,현대로템,KS
69960,현대백화점,KS
5380,현대자동차,KS
227840,현대코퍼레이션홀딩스,KS
10690,화신,KS
10660,화천기계,KS
16580,환인제약,KS
4800,효성,KS
282330,BGF리테일,KS
11150,CJ씨푸드,KS
12030,DB,KS
294870,HDC현대산업개발,KS
329180,HD현대중공업,KS
60980,HL홀딩스,KS
35000,HS애드,KS
1940,KISCO홀딩스,KS
32640,LG유플러스,KS
66570,LG전자,KS
51910,LG화학,KS
1120,LX인터내셔널,KS
338100,NH프라임리츠,KS
34730,SK,KS
11790,SKC,KS
1740,SK네트웍스,KS
1510,SK증권,KS
7980,TP,KS
24070,WISCOM,KS
12200,계양전기,KS
73240,금호타이어,KS
92440,기신정기,KS
270,기아,KS
1260,남광토건,KS
69460,대호에이엘,KS
26960,동서,KS
102260,동성케미컬,KS
14820,동원시스템즈,KS
4890,동일산업,KS
192650,드림텍,KS
3160,디아이,KS
71840,롯데하이마트,KS
27740,마니커,KS
90370,메타랩스,KS
12690,모나리자,KS
3850,보령,KS
3000,부광약품,KS
1270,부국증권,KS
5180,빙그레,KS
14710,사조씨푸드,KS
448730,삼성FN리츠,KS
6110,삼아알미늄,KS
1820,삼화콘덴서공업,KS
7860,서연,KS
9270,신원,KS
2700,신일전자,KS
481850,신한글로벌액티브리츠,KS
8700,아남전자,KS
5850,에스엘,KS
10580,에스엠벡셀,KS
12750,에스원,KS
123700,에스제이엠,KS
78520,에이블씨엔씨,KS
450080,에코프로머티,KS
19490,엑시큐어하이트론,KS
181710,엔에이치엔,KS
484870,엠앤씨솔루션,KS
3520,영진약품,KS
670,영풍,KS
6740,영풍제지,KS
271560,오리온,KS
910,유니온,KS
3460,유화증권,KS
214320,이노션,KS
5950,이수화학,KS
101140,인바이오젠,KS
194370,제이에스코퍼레이션,KS
89590,제주항공,KS
13870,지엠비코리아,KS
88790,진도,KS
3780,진양산업,KS
100250,진양홀딩스,KS
281820,케이씨텍,KS
9070,케이씨티시,KS
33780,케이티앤지,KS
44820,코스맥스비티아이,KS
24720,콜마홀딩스,KS
1420,태원물산,KS
47050,포스코인터내셔널,KS
9810,플레이그램,KS
36460,한국가스공사,KS
2200,한국수출포장공업,KS
240,한국앤컴퍼니,KS
128940,한미약품,KS
9240,한샘,KS
9180,한솔로지스틱스,KS
300720,한일시멘트,KS
130660,한전산업,KS
143210,핸즈코퍼레이션,KS
79430,현대리바트,KS
12330,현대모비스,KS
4560,현대비앤지스틸,KS
5440,현대지에프홀딩스,KS
57050,현대홈쇼핑,KS
850,화천기공,KS
5870,휴니드테크놀러지스,KS
5010,휴스틸,KS
540,흥국화재,KS
95570,AJ네트웍스,KS
5830,DB손해보험,KS
375500,DL이앤씨,KS
7340,DN오토모티브,KS
7700,F&F 홀딩스,KS
443060,HD현대마린솔루션,KS
322000,HD현대에너지솔루션,KS
415640,KB발해인프라,KS
51900,LG생활건강,KS
373220,LG에너지솔루션,KS
79550,LIG넥스원,KS
108320,LX세미콘,KS
10950,S-Oil,KS
5090,SGC에너지,KS
33530,SJG세종,KS
6120,SK디스커버리,KS
402340,SK스퀘어,KS
96770,SK이노베이션,KS
64960,SNT모티브,KS
77970,STX엔진,KS
2900,TYM,KS
9140,경인전자,KS
13580,계룡건설산업,KS
9290,광동제약,KS
339770,교촌에프앤비,KS
7690,국도화학,KS
14530,극동유화,KS
92790,넥스틸,KS
90350,노루페인트,KS
72710,농심홀딩스,KS
145210,다이나믹디자인,KS
6370,대구백화점,KS
6570,대림통상,KS
84690,대상홀딩스,KS
47040,대우건설,KS
2880,대유에이텍,KS
84010,대한제강,KS
460860,동국제강,KS
28100,동아지질,KS
1520,동양,KS
6040,동원산업,KS
30720,동원수산,KS
20,동화약품,KS
89860,롯데렌탈,KS
330590,롯데리츠,KS
357430,마스턴프리미어리츠,KS
17180,명문제약,KS
9680,모토닉,KS
8420,문배철강,KS
3610,방림,KS
90460,비에이치,KS
7160,사조산업,KS
16360,삼성증권,KS
9470,삼화전기,KS
75180,새론오토모티브,KS
3080,성보화학,KS
4490,세방전지,KS
3030,세아제강지주,KS
248070,솔루엠,KS
4430,송원산업,KS
126720,수산인더스트리,KS
16590,신대양제지,KS
31440,신세계푸드,KS
6880,신송홀딩스,KS
5800,신영와코루,KS
308170,씨티알모빌리티,KS
183190,아세아시멘트,KS
11090,에넥스,KS
66970,엘앤에프,KS
6980,우성,KS
10400,우진아이엔에스,KS
49800,우진플라임,KS
33270,유나이티드,KS
14830,유니드,KS
47400,유니온머티리얼,KS
220,유유제약,KS
100,유한양행,KS
102460,이연제약,KS
7570,일양약품,KS
348950,제이알글로벌리츠,KS
4910,조광페인트,KS
462520,조선내화,KS
51630,진양화학,KS
2780,진흥기업,KS
29460,케이씨,KS
344820,케이씨씨글라스,KS
5070,코스모신소재,KS
21240,코웨이,KS
3240,태광산업,KS
28670,팬오션,KS
10820,퍼스텍,KS
950210,프레스티지바이오파마,KS
71090,하이스틸,KS
42700,한미반도체,KS
20000,한섬,KS
105630,한세실업,KS
69640,한세엠케이,KS
4710,한솔테크닉스,KS
25750,한솔홈데코,KS
1750,한양증권,KS
14130,한익스프레스,KS
2320,한진,KS
88350,한화생명,KS
11210,현대위아,KS
4020,현대제철,KS
13520,화승코퍼레이션,KS
81660,휠라홀딩스,KS
79980,휴비스,KS
27410,BGF,KS
79160,CJ CGV,KS
155660,DSR,KS
17860,DS단석,KS
14790,HL D&I,KS
234080,JW생명과학,KS
432320,KB스타리츠,KS
92220,KEC,KS
16380,KG스틸,KS
25000,KPX케미칼,KS
92230,KPX홀딩스,KS
37560,LG헬로비전,KS
229640,LS에코에너지,KS
34120,SBS,KS
2360,SH에너지화학,KS
100090,SK오션플랜트,KS
660,SK하이닉스,KS
36530,SNT홀딩스,KS
5610,SPC삼립,KS
465770,STX그린로지스,KS
37270,YG PLUS,KS
11420,갤럭시아에스엠,KS
17040,광명전기,KS
2720,국제약품,KS
8870,금비,KS
1210,금호전기,KS
25860,남해화학,KS
6280,녹십자,KS
490,대동,KS
5750,대림비앤코,KS
128820,대성산업,KS
117580,대성에너지,KS
9190,대양금속,KS
1130,대한제분,KS
475560,더본코리아,KS
49770,동원F&B,KS
111380,동인기연,KS
163560,동일고무벨트,KS
2690,동일제강,KS
241560,두산밥캣,KS
23530,롯데쇼핑,KS
138040,메리츠금융지주,KS
25560,미래산업,KS
268280,미원에스씨,KS
377740,바이오노트,KS
1340,백광산업,KS
35150,백산,KS
7210,벽산,KS
2760,보락,KS
28260,삼성물산,KS
207940,삼성바이오로직스,KS
70,삼양홀딩스,KS
5680,삼영전자공업,KS
5500,삼진제약,KS
1290,상상인증권,KS
41650,상신브레이크,KS
248170,샘표식품,KS
200880,서연이화,KS
4170,신세계,KS
404990,신한서부티엔디리츠,KS
4770,써니전자,KS
2310,아세아제지,KS
9320,아진전자부품,KS
18250,애경산업,KS
137310,에스디바이오센서,KS
23960,에쓰씨엔지니어링,KS
298690,에어부산,KS
244920,에이플러스에셋,KS
4250,엔피씨,KS
2630,오리엔트바이오,KS
16880,웅진,KS
95720,웅진씽크빅,KS
446070,유니드비티플러스,KS
3470,유안타증권,KS
8500,일정실업,KS
81000,일진다이아,KS
20760,일진디스플,KS
25620,제이준코스메틱,KS
6220,제주은행,KS
120030,조선선재,KS
2600,조흥,KS
1620,케이비아이동국실업,KS
30200,케이티,KS
36420,콘텐트리중앙,KS
4720,팜젠사이언스,KS
17810,풀무원,KS
10100,한국무브넥스,KS
2960,한국쉘석유,KS
23350,한국종합기술,KS
104700,한국철강,KS
161890,한국콜마,KS
34830,한국토지신탁,KS
168490,한국패러랠,KS
47810,한국항공우주,KS
123690,한국화장품,KS
3350,한국화장품제조,KS
11500,한농화성,KS
2390,한독,KS
8930,한미사이언스,KS
3680,한성기업,KS
9420,한올바이오파마,KS
880,한화,KS
452260,한화갤러리아,KS
82740,한화엔진,KS
720,현대건설,KS
307950,현대오토에버,KS
126560,현대퓨처넷,KS
1040,CJ,KS
120,CJ대한통운,KS
16610,DB금융투자,KS
17940,E1,KS
11200,HMM,KS
298050,HS효성첨단소재,KS
1060,JW중외제약,KS
96760,JW홀딩스,KS
105560,KB금융,KS
3620,KG모빌리티,KS
64400,LG씨엔에스,KS
1380,SG글로벌,KS
210980,SK디앤디,KS
17670,SK텔레콤,KS
11810,STX,KS
500,가온전선,KS
267290,경동도시가스,KS
17900,광전자,KS
37710,광주신세계,KS
83420,그린케미칼,KS
13700,까뮤이앤씨,KS
4370,농심,KS
8060,대덕,KS
16710,대성홀딩스,KS
1070,대한방직,KS
6650,대한유화,KS
7590,동방아그로,KS
150,두산,KS
16740,두올,KS
1530,디아이동일,KS
92200,디아이씨,KS
400,롯데손해보험,KS
280360,롯데웰푸드,KS
11170,롯데케미칼,KS
5360,모나미,KS
2840,미원상사,KS
3960,사조대림,KS
9150,삼성전기,KS
145990,삼양사,KS
4380,삼익THK,KS
2450,삼익악기,KS
4440,삼일씨엔에스,KS
390,삼화페인트공업,KS
7540,샘표,KS
8490,서흥,KS
2420,세기상사,KS
13000,세우글로벌,KS
480,시알홀딩스,KS
31430,신세계인터내셔날,KS
19170,신풍제약,KS
2030,아세아,KS
15260,에이엔피,KS
7460,에이프로젠,KS
10120,엘에스일렉트릭,KS
14440,영보화학,KS
12160,영흥,KS
77500,유니퀘스트,KS
139480,이마트,KS
15020,이스타코,KS
14990,인디에프,KS
103590,일진전기,KS
1560,제일연마,KS
4700,조광피혁,KS
185750,종근당,KS
272450,진에어,KS
33250,체시스,KS
35720,카카오,KS
2380,케이씨씨,KS
145270,케이탑리츠,KS
53210,케이티스카이라이프,KS
450140,코오롱모빌리티그룹,KS
14580,태경비케이,KS
6890,태경케미컬,KS
78000,텔코웨어,KS
10770,평화홀딩스,KS
58430,포스코스틸리온,KS
293480,하나제약,KS
25890,한국주강,KS
213500,한솔제지,KS
4150,한솔홀딩스,KS
11700,한신기계공업,KS
18880,한온시스템,KS
3480,한진중공업홀딩스,KS
12450,한화에어로스페이스,KS
453340,현대그린푸드,KS
17800,현대엘리베이터,KS
378850,화승알앤에이,KS
133820,화인베스틸,KS
3280,흥아해운,KS
6840,AK홀딩스,KS
590,CS홀딩스,KS
990,DB하이텍,KS
139130,DGB금융지주,KS
210,DL,KS
365550,ESR켄달스퀘어리츠,KS
383220,F&F,KS
78930,GS,KS
7070,GS리테일,KS
12630,HDC,KS
89470,HDC현대EP,KS
10620,HD현대미포,KS
1390,KG케미칼,KS
40,KR모터스,KS
3550,LG,KS
34220,LG디스플레이,KS
11070,LG이노텍,KS
383800,LX홀딩스,KS
5940,NH투자증권,KS
34310,NICE,KS
456040,OCI,KS
1770,SHD,KS
361610,SK아이이테크놀로지,KS
285130,SK케미칼,KS
860,강남제비스코,KS
9450,경동나비엔,KS
2140,고려산업,KS
10130,고려아연,KS
14160,대영포장,KS
24890,대원화성,KS
12800,대창,KS
1790,대한제당,KS
5880,대한해운,KS
192080,더블유게임즈,KS
12510,더존비즈온,KS
4830,덕성,KS
2150,도화엔지니어링,KS
23450,동남합성,KS
4140,동방,KS
84670,동양고속,KS
92780,동양피스톤,KS
34020,두산에너빌리티,KS
24090,디씨엠,KS
5300,롯데칠성음료,KS
70960,모나용평,KS
2070,비비안,KS
8040,사조동아원,KS
6090,사조오양,KS
28050,삼성E&A,KS
6400,삼성SDI,KS
32830,삼성생명,KS
5930,삼성전자,KS
29780,삼성카드,KS
3230,삼양식품,KS
2170,삼양통상,KS
2810,삼영무역,KS
23000,삼원강재,KS
520,삼일제약,KS
4690,삼천리,KS
4410,서울식품공업,KS
4980,성신양회,KS
180,성창기업지주,KS
4360,세방,KS
67830,세이브존I&C,KS
75580,세진중공업,KS
462870,시프트업,KS
2870,신풍,KS
4920,씨아이테크,KS
112610,씨에스윈드,KS
90430,아모레퍼시픽,KS
97520,엠씨넥스,KS
9970,영원무역홀딩스,KS
7310,오뚜기,KS
5320,온타이드,KS
316140,우리금융지주,KS
8600,윌비스,KS
2920,유성기업,KS
700,유수홀딩스,KS
8730,율촌화학,KS
74610,이엔플러스,KS
249420,일동제약,KS
3120,일성아이에스,KS
271940,일진하이솔루스,KS
317400,자이에스앤디,KS
30000,제일기획,KS
18470,조일알미늄,KS
13890,지누스,KS
71320,지역난방공사,KS
650,천일고속,KS
323410,카카오뱅크,KS
381970,케이카,KS
71950,코아스,KS
5740,크라운해태홀딩스,KS
4100,태양금속공업,KS
19180,티에이치엔,KS
91810,티웨이항공,KS
1020,페이퍼코리아,KS
90080,평화산업,KS
22100,포스코DX,KS
5810,풍산홀딩스,KS
352820,하이브,KS
80,하이트진로,KS
123890,한국자산신탁,KS
6200,한국전자홀딩스,KS
27970,한국제지,KS
53690,한미글로벌,KS
14680,한솔케미칼,KS
10420,한솔피엔에스,KS
2220,한일철강,KS
451800,한화리츠,KS
489790,한화비전,KS
42660,한화오션,KS
86280,현대글로비스,KS
1450,현대해상,KS
241590,화승엔터프라이즈,KS
6060,화승인더스트리,KS
32560,황금에스티,KS
93370,후성,KS
51500,CJ프레시웨이,KQ
241520,DSC인베스트먼트,KQ
130500,GH신소재,KQ
900290,GRT,KQ
28300,HLB,KQ
403870,HPSP,KQ
21320,KCC건설,KQ
44180,KD,KQ
476080,M83,KQ
24940,PN풍년,KQ
218410,RFHIC,KQ
36120,SCI평가정보,KQ
49470,SGA,KQ
57030,YBM넷,KQ
52220,iMBC,KQ
78890,가온그룹,KQ
36620,감성코퍼레이션,KQ
11040,경동제약,KQ
35290,골드앤에스,KQ
489210,교보17호스팩,KQ
19660,글로본,KQ
36190,금화피에스시,KQ
308100,까스텔바작,KQ
39860,나노엔텍,KQ
168330,내츄럴엔도텍,KQ
290660,네오펙트,KQ
285490,노바텍,KQ
145170,노브랜드,KQ
142280,녹십자엠에스,KQ
123840,뉴온,KQ
323350,다원넥스뷰,KQ
8830,대동기어,KQ
389260,대명에너지,KQ
317850,대모,KQ
36480,대성미생물,KQ
5710,대원산업,KQ
298540,더네이쳐홀딩스,KQ
299170,더블유에스아이,KQ
263600,덕우전자,KQ
261200,덴티스,KQ
6620,동구바이오제약,KQ
88910,동우팜투테이블,KQ
13120,동원개발,KQ
60570,드림어스컴퍼니,KQ
214680,디알텍,KQ
197140,디지캡,KQ
232680,라온테크,KQ
418420,라온텍,KQ
388790,라이콤,KQ
171010,램테크놀러지,KQ
84650,랩지노믹스,KQ
217500,러셀,KQ
412350,레이저쎌,KQ
90360,로보스타,KQ
71280,로체시스템즈,KQ
16100,리더스코스메틱,KQ
302550,리메드,KQ
38290,마크로젠,KQ
59210,메타바이오메드,KQ
101330,모베이스,KQ
6920,모헨즈,KQ
254490,미래반도체,KQ
53030,바이넥스,KQ
314930,바이오다인,KQ
43150,바텍,KQ
424760,벨로크,KQ
310210,보로노이,KQ
14470,부방,KQ
338220,뷰노,KQ
365900,브이씨,KQ
82800,비보존 제약,KQ
238200,비피도,KQ
53700,삼보모터스,KQ
448740,삼성스팩8호,KQ
482630,삼양엔씨켐,KQ
17480,삼현철강,KQ
38070,서린바이오,KQ
92190,서울바이오시스,KQ
27040,서울전자통신,KQ
140070,서플러스글로벌,KQ
3100,선광,KQ
171090,선익시스템,KQ
80470,성창오토텍,KQ
340440,세림B&G,KQ
11560,세보엠이씨,KQ
396300,세아메카닉스,KQ
347000,센코,KQ
331920,셀레믹스,KQ
108860,셀바스AI,KQ
318160,셀바이오휴먼텍,KQ
290690,소룩스,KQ
50960,수산아이앤티,KQ
192440,슈피겐코리아,KQ
159910,스킨앤스킨,KQ
60240,스타코링크,KQ
330730,스톤브릿지벤처스,KQ
33170,시그네틱스,KQ
48870,시너지이노베이션,KQ
2800,신신제약,KQ
487360,신한제14호스팩,KQ
243840,신흥에스이씨,KQ
36710,심텍홀딩스,KQ
99320,쎄트렉아이,KQ
49960,쎌바이오텍,KQ
109670,씨싸이트,KQ
96530,씨젠,KQ
60590,씨티씨바이오,KQ
260930,씨티케이,KQ
357580,아모센스,KQ
74430,아미노로직스,KQ
36010,아비코전자,KQ
127710,아시아경제,KQ
332370,아이디피,KQ
461030,아이엠비디엑스,KQ
123010,아이윈플러스,KQ
31310,아이즈비전,KQ
200350,아티스트스튜디오,KQ
43100,알파녹스,KQ
196300,애니젠,KQ
92600,앤씨앤,KQ
121890,에스디시스템,KQ
275630,에스에스알,KQ
109610,에스와이,KQ
443670,에스피소프트,KQ
163280,에어레인,KQ
88800,에이스테크,KQ
453860,에이에스텍,KQ
72990,에이치시티,KQ
45660,에이텍,KQ
262260,에이프로,KQ
397030,에이프릴바이오,KQ
83500,에프엔에스테크,KQ
438580,엔에이치스팩25호,KQ
481890,엔에이치스팩31호,KQ
169330,엠브레인,KQ
373170,엠아이큐브솔루션,KQ
432980,엠에프씨,KQ
33160,엠케이전자,KQ
36220,오상헬스케어,KQ
39200,오스코텍,KQ
112290,와이씨켐,KQ
65530,와이어블,KQ
67900,와이엔텍,KQ
66430,와이오엠,KQ
209640,와이제이링크,KQ
122870,와이지엔터테인먼트,KQ
82850,우리바이오,KQ
457550,우진엔텍,KQ
396470,워트,KQ
240810,원익IPS,KQ
12620,원일특강,KQ
382840,원준,KQ
336570,원텍,KQ
336060,웨이버스,KQ
203450,유니온커뮤니티,KQ
32620,유비케어,KQ
69330,유아이디,KQ
49520,유아이엘,KQ
474490,유안타제16호스팩,KQ
488060,유진스팩11호,KQ
72770,율호,KQ
54210,이랜텍,KQ
9730,이렘,KQ
131400,이브이첨단소재,KQ
900110,이스트아시아홀딩스,KQ
456070,이엔셀,KQ
91120,이엠텍,KQ
92130,이크레더블,KQ
1840,이화공영,KQ
33230,인성정보,KQ
17250,인터엠,KQ
333430,일승,KQ
49550,잉크테크,KQ
208140,정다운,KQ
40420,정상제이엘에스,KQ
199820,제일일렉트릭,KQ
82270,젬백스,KQ
67000,조이시티,KQ
36930,주성엔지니어링,KQ
440,중앙에너비스,KQ
51160,지어소프트,KQ
53050,지에스이,KQ
204840,지엘팜텍,KQ
7370,진양제약,KQ
4650,창해에탄올,KQ
284620,카이노스메드,KQ
42000,카페24,KQ
317530,캐리소프트,KQ
452300,캡스톤파트너스,KQ
63080,컴투스홀딩스,KQ
39420,케이엘넷,KQ
64820,케이프,KQ
24880,케이피에프,KQ
258610,케일럼,KQ
391710,코닉오토메이션,KQ
27050,코리아나,KQ
183300,코미코,KQ
89890,코세스,KQ
222040,코스맥스엔비티,KQ
282880,코윈테크,KQ
126730,코칩,KQ
52330,코텍,KQ
432720,퀄리타스반도체,KQ
60280,큐렉소,KQ
182360,큐브엔터,KQ
900250,크리스탈신소재,KQ
36170,클라우드에어,KQ
487720,키움제10호스팩,KQ
191420,테고사이언스,KQ
51360,토비스,KQ
79970,투비소프트,KQ
241790,티이엠씨씨엔에스,KQ
33540,파라텍,KQ
177830,파버나인,KQ
47310,파워로직스,KQ
65690,파커스,KQ
64800,포니링크,KQ
9520,포스코엠텍,KQ
41020,폴라리스오피스,KQ
321260,프로이천,KQ
377220,프롬바이오,KQ
367000,플래티어,KQ
237820,플레이디,KQ
460940,피앤에스미캐닉스,KQ
43370,피에이치에이,KQ
239890,피엔에이치테크,KQ
417180,핑거스토리,KQ
446750,하나26호스팩,KQ
450330,하스,KQ
149980,하이로닉,KQ
221840,하이즈항공,KQ
52600,한네트,KQ
70590,한솔인티큐브,KQ
58450,한주에이알티,KQ
127980,화인써키트,KQ
78590,휴림에이텍,KQ
205470,휴마시스,KQ
175140,휴먼테크놀로지,KQ
243070,휴온스,KQ
180400,DXVX,KQ
440290,HB인베스트먼트,KQ
187420,HLB제넥스,KQ
46210,HLB파나진,KQ
458320,KB제26호스팩,KQ
464680,KB제27호스팩,KQ
478390,KB제29호스팩,KQ
101000,KS인더스트리,KQ
474610,RF시스템즈,KQ
48550,SM C&C,KQ
40300,YTN,KQ
51390,YW,KQ
49720,고려신용정보,KQ
137940,넥스트아이,KQ
473980,노머스,KQ
54050,농우바이오,KQ
332290,누보,KQ
154040,다산솔루에타,KQ
48470,대동스틸,KQ
442310,대신밸런스제14호스팩,KQ
20180,대신정보통신,KQ
48910,대원미디어,KQ
3310,대주산업,KQ
67080,대화제약,KQ
206560,덱스터,KQ
23790,동일스틸럭스,KQ
176750,듀켐바이오,KQ
347850,디앤디파마텍,KQ
39840,디오,KQ
33130,디지틀조선,KQ
187220,디티앤씨,KQ
131180,딜리,KQ
223310,딥마인드,KQ
42500,링네트,KQ
377030,맥스트,KQ
434480,모니터랩,KQ
363260,모비데이즈,KQ
477470,미래에셋비전스팩5호,KQ
59090,미코,KQ
475460,미트박스,KQ
208710,바이오로그디바이스,KQ
86820,바이오솔루션,KQ
6910,보성파워텍,KQ
337930,브랜드엑스코퍼레이션,KQ
64480,브리지텍,KQ
439580,블루엠텍,KQ
126340,비나텍,KQ
419540,비스토스,KQ
335890,비올,KQ
54220,비츠로시스,KQ
65450,빅텍,KQ
14970,삼륭물산,KQ
89980,상아프론테크,KQ
107600,새빗켐,KQ
19770,서연탑메탈,KQ
189860,서전기전,KQ
458650,성우,KQ
53060,세동,KQ
100700,세운메디칼,KQ
24830,세원물산,KQ
39310,세중,KQ
252500,세화피앤씨,KQ
321370,센서뷰,KQ
471820,셀로맥스사이언스,KQ
258790,소프트캠프,KQ
36830,솔브레인홀딩스,KQ
84180,수성웹툰,KQ
253840,수젠텍,KQ
298830,슈어소프트테크,KQ
13810,스페코,KQ
429270,시지트로닉스,KQ
131090,시큐브,KQ
1000,신라섬유,KQ
25870,신라에스지,KQ
226330,신테카바이오,KQ
160980,싸이맥스,KQ
208640,썸에이지,KQ
352480,씨앤씨인터내셔널,KQ
359090,씨엔알리서치,KQ
115480,씨유메디칼,KQ
13990,아가방컴퍼니,KQ
52710,아모텍,KQ
246720,아스타,KQ
450950,아스테라시스,KQ
469750,아이비젼웍스,KQ
52860,아이앤씨,KQ
90150,아이윈,KQ
354320,알멕,KQ
131370,알서포트,KQ
205500,액션스퀘어,KQ
270520,앱트뉴로사이언스,KQ
30960,양지사,KQ
38680,에스넷,KQ
95910,에스에너지,KQ
351320,에스에이티이엔지,KQ
288620,에스퓨얼셀,KQ
317830,에스피시스템스,KQ
445090,에이직랜드,KQ
230360,에코마케팅,KQ
86520,에코프로,KQ
64850,에프앤가이드,KQ
173940,에프엔씨엔터,KQ
356680,엑스게이트,KQ
317770,엑스페릭스,KQ
373200,엑스플러스,KQ
236810,엔비티,KQ
101400,엔시트론,KQ
348370,엔켐,KQ
290650,엘앤씨바이오,KQ
83310,엘오티베큠,KQ
9780,엠에스씨,KQ
33310,엠투엔,KQ
352910,오비고,KQ
226400,오스테오닉,KQ
368970,오에스피,KQ
226950,올릭스,KQ
338840,와이바이오로직스,KQ
273640,와이엠텍,KQ
103840,우양,KQ
46940,우원개발,KQ
76080,웰크론한텍,KQ
53580,웹케시,KQ
38620,위즈코프,KQ
459100,위츠,KQ
136540,윈스,KQ
493790,유안타제17호스팩,KQ
56080,유진로봇,KQ
240600,유진테크놀로지,KQ
221800,유투바이오,KQ
179900,유티아이,KQ
263050,유틸렉스,KQ
372170,윤성에프앤씨,KQ
88390,이녹스,KQ
123570,이엠넷,KQ
377330,이지트로닉스,KQ
134060,이퓨쳐,KQ
352940,인바이오,KQ
49070,인탑스,KQ
115310,인포바인,KQ
71200,인피니트헬스케어,KQ
254120,자비스,KQ
217190,제너셈,KQ
95700,제넥신,KQ
23440,제이스코홀딩스,KQ
126880,제이엔케이글로벌,KQ
33340,좋은사람들,KQ
314130,지놈앤컴퍼니,KQ
208350,지란지교시큐리티,KQ
285800,진영,KQ
351870,차이커뮤니케이션,KQ
66360,체리부로,KQ
53080,케이엔솔,KQ
274090,켄코아에어로스페이스,KQ
47770,코데즈컴바인,KQ
80530,코디,KQ
355150,코스텍시스,KQ
51780,큐로홀딩스,KQ
115180,큐리언트,KQ
16600,큐캐피탈,KQ
352770,클리노믹스,KQ
489480,키움제11호스팩,KQ
336680,탑런토탈솔루션,KQ
65130,탑엔지니어링,KQ
53620,태양,KQ
124560,태웅로직스,KQ
54450,텔레칩스,KQ
45340,토탈소프트,KQ
417790,트루엔,KQ
464280,티디에스팜,KQ
117730,티로보틱스,KQ
131290,티에스이,KQ
43200,파루,KQ
150900,파수,KQ
106240,파인테크닉스,KQ
91700,파트론,KQ
68050,팬엔터테인먼트,KQ
222110,팬젠,KQ
189690,포시에스,KQ
23900,풍국주정,KQ
53160,프리엠스,KQ
304840,피플바이오,KQ
347770,핌스,KQ
435620,하나금융25호스팩,KQ
25550,한국선재,KQ
458610,한국제12호스팩,KQ
320000,한울반도체,KQ
79170,한창산업,KQ
76610,해성옵틱스,KQ
900270,헝셩그룹,KQ
92300,현우산업,KQ
90710,휴림로봇,KQ
115160,휴맥스,KQ
263920,휴엠앤씨,KQ
109960,AP헬스케어,KQ
35760,CJ ENM,KQ
68790,DMS,KQ
37370,EG,KQ
442770,IBKS제21호스팩,KQ
467930,IBKS제23호스팩,KQ
151860,KG에코솔루션,KQ
58400,KNN,KQ
86960,MDS테크,KQ
19550,SBI인베스트먼트,KQ
79940,가비아,KQ
217730,강스템바이오텍,KQ
39240,경남스틸,KQ
440790,교보13호스팩,KQ
53270,구영테크,KQ
35080,그래디언트,KQ
453450,그리드위즈,KQ
900070,글로벌에스엠,KQ
282720,금양그린파워,KQ
420770,기가비스,KQ
35460,기산텔레콤,KQ
91970,나노캠텍,KQ
417010,나노팀,KQ
293580,나우IB,KQ
36800,나이스정보통신,KQ
94860,네오리진,KQ
376930,노을,KQ
85670,뉴프렉스,KQ
20400,대동금속,KQ
129920,대성하이텍,KQ
45390,대아티아이,KQ
54670,대한뉴팜,KQ
23910,대한약품,KQ
43090,더테크놀로지,KQ
213420,덕산네오룩스,KQ
240550,동방메디컬,KQ
33500,동성화인텍,KQ
25950,동신건설,KQ
88130,동아엘텍,KQ
60380,동양에스텍,KQ
109860,동일금속,KQ
203650,드림시큐리티,KQ
223250,드림씨아이에스,KQ
113810,디젠스,KQ
315640,딥노이드,KQ
462510,라메디텍,KQ
300120,라온피플,KQ
277810,레인보우로보틱스,KQ
235980,메드팩토,KQ
41920,메디아나,KQ
54180,메디콕스,KQ
86900,메디톡스,KQ
241770,메카로,KQ
80420,모다이노칩,KQ
80160,모두투어,KQ
87260,모바일어플라이언스,KQ
12860,모베이스전자,KQ
199730,바이오인프라,KQ
308080,바이젠셀,KQ
46310,백금T&A,KQ
457600,벡트,KQ
141000,비아트론,KQ
65170,비엘팜텍,KQ
419050,삼기이브이,KQ
361670,삼영에스앤씨,KQ
32280,삼일,KQ
250,삼천당제약,KQ
24950,삼천리자전거,KQ
38500,삼표시멘트,KQ
38540,상상인,KQ
6730,서부T&D,KQ
43710,서울리거,KQ
357550,석경에이티,KQ
14620,성광벤드,KQ
148150,세경하이테크,KQ
32680,소프트센,KQ
357880,스카이월드와이드,KQ
352090,스톰테크,KQ
25320,시노펙스,KQ
56090,시지메드텍,KQ
215600,신라젠,KQ
416180,신성에스티,KQ
12790,신일제약,KQ
37760,쎄니트,KQ
394800,쓰리빌리언,KQ
297090,씨에스베어링,KQ
101240,씨큐브,KQ
149950,아바텍,KQ
50860,아세아텍,KQ
143160,아이디스,KQ
214430,아이쓰리시스템,KQ
368600,아이씨에이치,KQ
456010,아이씨티케이,KQ
101390,아이엠,KQ
114840,아이패밀리에스씨,KQ
13310,아진산업,KQ
260660,알리코제약,KQ
140670,알에스오토메이션,KQ
314140,알피바이오,KQ
293780,압타바이오,KQ
179530,애드바이오텍,KQ
129890,앱코,KQ
102120,어보브반도체,KQ
19990,에너토크,KQ
103230,에스앤더블류,KQ
60540,에스에이티,KQ
398120,에스지헬스케어,KQ
98660,에스티오,KQ
52020,에스티큐브,KQ
50760,에스폴리텍,KQ
58610,에스피지,KQ
43340,에쎈테크,KQ
298380,에이비엘바이오,KQ
195990,에이비프로바이오,KQ
3800,에이스침대,KQ
312610,에이에프더블류,KQ
172670,에이엘티,KQ
355690,에이텀,KQ
128540,에코캡,KQ
373110,엑셀세라퓨틱스,KQ
354200,엔젠바이오,KQ
419080,엔젯,KQ
227950,엔투텍,KQ
179290,엠아이텍,KQ
265560,영화테크,KQ
14940,오리엔탈정공,KQ
417860,오브젠,KQ
52300,오션인더블유,KQ
440320,오픈놀,KQ
394280,오픈엣지테크놀로지,KQ
122990,와이솔,KQ
79000,와토스코리아,KQ
403490,우듬지팜,KQ
73560,우리손에프앤지,KQ
153490,우리이앤엘,KQ
376980,원티드랩,KQ
101160,월덱스,KQ
335870,윙스풋,KQ
389680,유디엠텍,KQ
24800,유성티엔에스,KQ
449020,유안타제13호스팩,KQ
388720,유일로보틱스,KQ
23410,유진기업,KQ
191410,육일씨엔에쓰,KQ
44960,이글벳,KQ
452400,이닉스,KQ
41520,이엘씨,KQ
63760,이엘피,KQ
277410,인산가,KQ
465480,인스피언,KQ
49630,재영솔루텍,KQ
361390,제노코,KQ
159580,제로투세븐,KQ
79370,제우스,KQ
26040,제이에스티나,KQ
322510,제이엘케이,KQ
216080,제테마,KQ
389030,지니너스,KQ
382480,지아이텍,KQ
311320,지오엘리먼트,KQ
388050,지투파워,KQ
18120,진로발효,KQ
86060,진바이오텍,KQ
36890,진성티이씨,KQ
85660,차바이오텍,KQ
261780,차백신연구소,KQ
192250,케이사인,KQ
102370,케이옥션,KQ
89010,켐트로닉스,KQ
123410,코리아에프티,KQ
241710,코스메카코리아,KQ
29960,코엔텍,KQ
33290,코웰패션,KQ
121850,코이즈,KQ
317690,퀀타매트릭스,KQ
365270,큐라클,KQ
40350,크레오에스지,KQ
64520,테크엘,KQ
108230,톱텍,KQ
199800,툴젠,KQ
43220,티에스넥스젠,KQ
277880,티에스아이,KQ
104480,티케이케미칼,KQ
440110,파두,KQ
388870,파로스아이바이오,KQ
214450,파마리서치,KQ
37070,파세코,KQ
37030,파워넷,KQ
38950,파인디지털,KQ
225590,패션플랫폼,KQ
263750,펄어비스,KQ
105760,포스뱅크,KQ
371950,풍원정밀,KQ
220100,퓨쳐켐,KQ
51380,피씨디렉트,KQ
237750,피앤씨테크,KQ
319660,피에스케이,KQ
257370,피엔티엠에스,KQ
469900,하나31호스팩,KQ
475250,하나33호스팩,KQ
299030,하나기술,KQ
67310,하나마이크론,KQ
65650,하이퍼코퍼레이션,KQ
39340,한국경제TV,KQ
17890,한국알콜,KQ
256150,한독크린텍,KQ
452190,한빛레이저,KQ
430690,한싹,KQ
45100,한양이엔지,KQ
198940,한주라이트메탈,KQ
457370,한켐,KQ
2680,한탑,KQ
48410,현대바이오,KQ
41440,현대에버다임,KQ
138360,협진,KQ
11080,형지I&C,KQ
64240,홈캐스트,KQ
61250,화일약품,KQ
353190,휴럼,KQ
54620,APS,KQ
65770,CS,KQ
83660,CSA 코스믹,KQ
214270,FSN,KQ
83450,GST,KQ
78150,HB테크놀러지,KQ
95340,ISC,KQ
46440,KG모빌리언스,KQ
60720,KH바텍,KQ
52900,KX하이텍,KQ
225190,LK삼양,KQ
950110,SBI핀테크솔루션즈,KQ
36540,SFA반도체,KQ
63440,SM Life Design,KQ
67160,SOOP,KQ
29480,광무,KQ
405920,나라셀라,KQ
253590,네오셈,KQ
212560,네오오토,KQ
153460,네이블,KQ
217270,넵튠,KQ
234690,녹십자웰빙,KQ
69140,누리플랜,KQ
40160,누리플렉스,KQ
12340,뉴인텍,KQ
39560,다산네트웍스,KQ
290670,대보마그네틱,KQ
478780,대신밸런스제18호스팩,KQ
108380,대양전기공업,KQ
131220,대한과학,KQ
10170,대한광통신,KQ
393890,더블유씨피,KQ
317330,덕산테코피아,KQ
373160,데이원컴퍼니,KQ
79960,동양이엔피,KQ
5290,동진쎄미켐,KQ
131970,두산테스나,KQ
477760,디비금융스팩12호,KQ
105740,디케이락,KQ
66670,디티씨,KQ
383930,디티앤씨알오,KQ
108490,로보티즈,KQ
193250,링크드,KQ
439090,마녀공장,KQ
377480,마음AI,KQ
93520,매커스,KQ
446540,메가터치,KQ
95500,미래나노텍,KQ
478440,미래에셋비전스팩6호,KQ
206640,바디텍메드,KQ
251120,바이오에프디엔씨,KQ
99430,바이오플러스,KQ
438700,버넥트,KQ
19010,베뉴지,KQ
177350,베셀,KQ
406820,뷰티스킨,KQ
99390,브레인즈컴퍼니,KQ
288330,브릿지바이오,KQ
251630,브이원텍,KQ
86670,비엠티,KQ
148780,비큐AI,KQ
93190,빅솔론,KQ
44480,빌리언스,KQ
69540,빛과전자,KQ
72950,빛샘전자,KQ
9620,삼보산업,KQ
9300,삼아제약,KQ
452670,상상인제4호스팩,KQ
91580,상신이디피,KQ
42600,새로닉스,KQ
294630,서남,KQ
46890,서울반도체,KQ
86710,선진뷰티사이언스,KQ
15750,성우하이텍,KQ
365340,성일하이텍,KQ
17510,세명전기,KQ
36630,세종텔레콤,KQ
424960,스마트레이더시스템,KQ
115570,스타플렉스,KQ
408900,스튜디오미르,KQ
290520,신도기연,KQ
65350,신성델타테크,KQ
487830,신한제15호스팩,KQ
187270,신화콘텍,KQ
257720,실리콘투,KQ
356890,싸이버원,KQ
88280,쏘닉스,KQ
458870,씨어스테크놀로지,KQ
115530,씨엔플러스,KQ
67390,아스트,KQ
154030,아시아종묘,KQ
227610,아우딘퓨쳐스,KQ
54800,아이디스홀딩스,KQ
289010,아이스크림에듀,KQ
1540,안국약품,KQ
361570,알비더블유,KQ
347860,알체라,KQ
123750,알톤,KQ
85810,알티캐스트,KQ
238090,앤디포스,KQ
298060,에스씨엠생명과학,KQ
260970,에스앤디,KQ
464080,에스오에스랩,KQ
96630,에스코넥,KQ
69510,에스텍,KQ
477340,에이치엠씨제7호스팩,KQ
376270,에이치이엠파마,KQ
44780,에이치케이,KQ
357230,에이치피오,KQ
21080,에이티넘인베스트,KQ
230240,에치에프알,KQ
950130,엑세스바이오,KQ
205100,엑셈,KQ
317870,엔바이오니아,KQ
333620,엔시스,KQ
265740,엔에프씨,KQ
183490,엔지켐생명과학,KQ
58630,엠게임,KQ
58970,엠로,KQ
123040,엠에스오토텍,KQ
413390,엠오티,KQ
143540,영우디에스피,KQ
36000,예림당,KQ
53280,예스24,KQ
900300,오가닉티코스메틱,KQ
322310,오로스테크놀로지,KQ
65500,오리엔트정공,KQ
353590,오토앤,KQ
7530,와이엠,KQ
66590,우수AMS,KQ
18620,우진비앤지,KQ
104830,원익머트리얼즈,KQ
8290,원풍물산,KQ
95270,웨이브일렉트로,KQ
289930,웨이비스,KQ
348350,위드텍,KQ
112040,위메이드,KQ
36200,유니셈,KQ
11320,유니크,KQ
86390,유니테스트,KQ
241690,유니테크노,KQ
88340,유라클,KQ
48430,유라테크,KQ
89850,유비벨록스,KQ
84370,유진테크,KQ
67920,이글루,KQ
296640,이노룰스,KQ
73490,이노와이어리스,KQ
86890,이수앱지스,KQ
67010,이씨에스,KQ
83470,이엠앤아이,KQ
83640,인콘,KQ
64290,인텍플러스,KQ
101930,인화정공,KQ
389020,자람테크놀로지,KQ
110020,전진바이오팜,KQ
123330,제닉,KQ
147830,제룡산업,KQ
33100,제룡전기,KQ
204270,제이앤티씨,KQ
229000,젠큐릭스,KQ
362320,청담글로벌,KQ
16920,카스,KQ
451760,컨텍,KQ
79190,케스피온,KQ
431190,케이쓰리아이,KQ
93640,케이알엠,KQ
105330,케이엔더블유,KQ
199430,케이엔알시스템,KQ
432470,케이엔에스,KQ
256940,케이피에스,KQ
52400,코나아이,KQ
402030,코난테크놀로지,KQ
104540,코렌텍,KQ
190650,코리아에셋투자증권,KQ
49430,코메론,KQ
45970,코아시아,KQ
448710,코츠테크놀로지,KQ
355390,크라우드웍스,KQ
54780,키이스트,KQ
23160,태광,KQ
44490,태웅,KQ
66700,테라젠이텍스,KQ
89030,테크윙,KQ
33830,티비씨,KQ
57680,티사이언티픽,KQ
64760,티씨케이,KQ
425420,티에프이,KQ
321550,티움바이오,KQ
81150,티플랙스,KQ
256630,포인트엔지니어링,KQ
39980,폴라리스AI,KQ
234100,폴라리스세원,KQ
290720,푸드나무,KQ
335810,프리시젼바이오,KQ
452450,피아이이,KQ
147760,피엠티,KQ
376180,피코그램,KQ
87600,픽셀플러스,KQ
378340,필에너지,KQ
365590,하이딥,KQ
66130,하츠,KQ
4590,한국가구,KQ
222980,한국맥널티,KQ
256840,한국비엔씨,KQ
32300,한국파마,KQ
452280,한선엔지니어링,KQ
5860,한일사료,KQ
59270,해성에어로보틱스,KQ
39610,화성밸브,KQ
290270,휴네시온,KQ
290120,DH오토리드,KQ
195940,HK이노엔,KQ
278650,HLB바이오스텝,KQ
36640,HRS,KQ
950170,JTC,KQ
35900,JYP Ent.,KQ
318000,KBG,KQ
60370,LS마린솔루션,KQ
160550,NEW,KQ
53290,NE능률,KQ
419530,SAMG엔터,KQ
246960,SCL사이언스,KQ
255220,SG,KQ
40610,SG&G,KQ
457940,SK증권제10호스팩,KQ
472230,SK증권제11호스팩,KQ
289080,SV인베스트먼트,KQ
22220,TKG애강,KQ
399720,가온칩스,KQ
98460,고영,KQ
121440,골프존뉴딘홀딩스,KQ
186230,그린플러스,KQ
49080,기가레인,KQ
950220,네오이뮨텍,KQ
92730,네오팜,KQ
7390,네이처셀,KQ
33640,네패스,KQ
270870,뉴트리,KQ
68240,다원시스,KQ
464580,닷밀,KQ
78140,대봉엘에스,KQ
104040,대성파인텍,KQ
482690,대신밸런스제19호스팩,KQ
32860,더라미,KQ
90410,덕신이피씨,KQ
263800,데이타솔루션,KQ
100130,동국S&C,KQ
30350,드래곤플라이,KQ
187870,디바이스이엔지,KQ
263690,디알젬,KQ
104460,디와이피엔에프,KQ
79810,디이엔티,KQ
43360,디지아이,KQ
42510,라온시큐어,KQ
141080,리가켐바이오,KQ
377450,리파인,KQ
305090,마이크로디지탈,KQ
5990,매일홀딩스,KQ
21880,메이슨캐피탈,KQ
58110,멕아이씨에스,KQ
288980,모아데이타,KQ
482680,미래에셋비전스팩7호,KQ
207760,미스터블루,KQ
214610,미코바이오메드,KQ
35620,바른손이앤에이,KQ
301300,바이브컴퍼니,KQ
64550,바이오니아,KQ
86040,바이오톡스텍,KQ
267790,배럴,KQ
331520,밸로프,KQ
199480,뱅크웨어글로벌,KQ
206400,베노티앤알,KQ
8470,부스타,KQ
478560,블랙야크아이앤씨,KQ
146320,비씨엔씨,KQ
83650,비에이치아이,KQ
473370,비엔케이제2호스팩,KQ
143240,사람인,KQ
439250,삼성스팩7호,KQ
252990,샘씨엔에스,KQ
378800,샤페론,KQ
79650,서산,KQ
35890,서희건설,KQ
67370,선바이오,KQ
37350,성도이엔지,KQ
81580,성우전자,KQ
308430,셀비온,KQ
950200,소마젠,KQ
304100,솔트룩스,KQ
99440,스맥,KQ
415380,스튜디오삼익,KQ
162300,신스틸,KQ
290560,신시웨이,KQ
17000,신원종합개발,KQ
138070,신진에스엠,KQ
56700,신화인터텍,KQ
222800,심텍,KQ
217330,싸이토젠,KQ
222420,쎄노텍,KQ
264660,씨앤지하이테크,KQ
352700,씨앤투스,KQ
189330,씨이랩,KQ
123860,아나패스,KQ
92040,아미코젠,KQ
99190,아이센스,KQ
40910,아이씨디,KQ
185490,아이진,KQ
262840,아이퀘스트,KQ
175250,아이큐어,KQ
52770,아이톡시,KQ
321820,아티스트유나이티드,KQ
53800,안랩,KQ
310200,애니플러스,KQ
900100,애머릿지,KQ
290740,액트로,KQ
174900,앱클론,KQ
255440,야스,KQ
475660,에스켐,KQ
200710,에이디테크놀로지,KQ
239610,에이치엘사이언스,KQ
148930,에이치와이티씨,KQ
36810,에프에스티,KQ
92870,엑시콘,KQ
69410,엔텔스,KQ
37950,엘컴텍,KQ
170920,엘티씨,KQ
46120,오르비텍,KQ
10470,오리콤,KQ
173130,오파스넷,KQ
309930,오하임앤컴퍼니,KQ
476060,온코닉테라퓨틱스,KQ
131030,옵투스제약,KQ
82210,옵트론텍,KQ
380540,옵티코어,KQ
232140,와이씨,KQ
155650,와이엠씨,KQ
46970,우리로,KQ
72470,우리산업홀딩스,KQ
101170,우림피티에스,KQ
215380,우정바이오,KQ
74600,원익QnC,KQ
43590,웰킵스하이텍,KQ
69080,웹젠,KQ
330350,위더스제약,KQ
123420,위메이드플레이,KQ
192390,윈하이텍,KQ
473050,유안타제15호스팩,KQ
263770,유에스티,KQ
146060,율촌,KQ
39020,이건홀딩스,KQ
302430,이노메트리,KQ
274400,이노시뮬레이션,KQ
215790,이노인스트루먼트,KQ
264850,이랜시스,KQ
115610,이미지스,KQ
351330,이삭엔지니어링,KQ
102710,이엔에프테크놀로지,KQ
39030,이오테크닉스,KQ
353810,이지바이오,KQ
35810,이지홀딩스,KQ
389470,인벤티지랩,KQ
450520,인스웨이브시스템즈,KQ
100030,인지소프트,KQ
64090,인크레더블버즈,KQ
216050,인크로스,KQ
178780,일월지엠엘,KQ
45510,정원엔시스,KQ
225220,제놀루션,KQ
90470,제이스텍,KQ
412540,제일엠앤에스,KQ
363250,진시스템,KQ
313760,캐리,KQ
307930,컴퍼니케이,KQ
214370,케어젠,KQ
115500,케이씨에스,KQ
272110,케이엔제이,KQ
42040,케이피엠테크,KQ
54410,케이피티유,KQ
220260,켐트로스,KQ
166480,코아스템켐온,KQ
196450,코아시아씨엠,KQ
200130,콜마비앤에이치,KQ
294570,쿠콘,KQ
445680,큐리옥스바이오시스템즈,KQ
110790,크리스에프앤씨,KQ
45520,크린앤사이언스,KQ
214150,클래시스,KQ
466100,클로봇,KQ
237880,클리오,KQ
219130,타이거일렉,KQ
393210,토마토시스템,KQ
215480,토박스코리아,KQ
246710,티앤알바이오팹,KQ
425040,티이엠씨,KQ
368770,파이버프로,KQ
170790,파이오링크,KQ
49120,파인디앤씨,KQ
318010,팜스빌,KQ
27710,팜스토리,KQ
389140,포바이포,KQ
318020,포인트모바일,KQ
93380,풍강,KQ
370090,퓨런티어,KQ
35200,프럼파스트,KQ
334970,프레스티지바이오로직스,KQ
75130,플랜티넷,KQ
31980,피에스케이홀딩스,KQ
2230,피에스텍,KQ
101670,하이드로리튬,KQ
41460,한국전자인증,KQ
479880,한국제15호스팩,KQ
47080,한빛소프트,KQ
91440,한울소재과학,KQ
107640,한중엔시에스,KQ
460930,현대힘스,KQ
60560,홈센타홀딩스,KQ
126640,화신정공,KQ
97870,효성오앤비,KQ
24060,흥구석유,KQ
10240,흥국,KQ
60310,3S,KQ
265520,AP시스템,KQ
56730,CNT85,KQ
456440,DB금융스팩11호,KQ
25440,DH오토웨어,KQ
50120,ES큐브,KQ
47920,HLB제약,KQ
67290,JW신약,KQ
455250,KB제25호스팩,KQ
486630,KB제30호스팩,KQ
61970,LB세미콘,KQ
327260,RF머트리얼즈,KQ
91340,S&K폴리텍,KQ
99220,SDN,KQ
184230,SGA솔루션즈,KQ
473950,SK증권제13호스팩,KQ
89230,THE E&M,KQ
48770,TPC,KQ
246690,TS인베스트먼트,KQ
94480,갤럭시아머니트리,KQ
348150,고바이오랩,KQ
66620,국보디자인,KQ
6050,국영지앤엠,KQ
307750,국전약품,KQ
402490,그린리소스,KQ
89600,나스미디어,KQ
130580,나이스디앤비,KQ
111710,남화산업,KQ
42420,네오위즈홀딩스,KQ
85910,네오티스,KQ
306620,네온테크,KQ
389650,넥스트바이오메디컬,KQ
104620,노랑풍선,KQ
60260,뉴보텍,KQ
4780,대륙제관,KQ
140520,대창스틸,KQ
21040,대호특수강,KQ
77360,덕산하이메탈,KQ
194480,데브시스터즈,KQ
67990,도이치모터스,KQ
75970,동국알앤에스,KQ
86450,동국제약,KQ
94170,동운아나텍,KQ
25900,동화기업,KQ
109740,디에스케이,KQ
127120,디엔에이링크,KQ
290550,디케이티,KQ
317120,라닉스,KQ
171120,라이온켐텍,KQ
347700,라이프시맨틱스,KQ
294140,레몬,KQ
228670,레이,KQ
228850,레이언스,KQ
281740,레이크머티리얼즈,KQ
73570,리튬포어스,KQ
98120,마이크로컨텍솔,KQ
424980,마이크로투나노,KQ
442900,미래에셋드림스팩1호,KQ
49950,미래컴퍼니,KQ
418470,밀리의서재,KQ
32980,바이온,KQ
250000,보라티알,KQ
100120,뷰웍스,KQ
18290,브이티,KQ
33560,블루콤,KQ
369370,블리츠웨이스튜디오,KQ
413640,비아이매트릭스,KQ
82920,비츠로셀,KQ
452430,사피엔반도체,KQ
419120,산돌,KQ
23600,삼보판지,KQ
32750,삼진,KQ
54090,삼진엘앤디,KQ
437730,삼현,KQ
42940,상지건설,KQ
411080,샌즈랩,KQ
100660,서암기계공업,KQ
18680,서울제약,KQ
93920,서원인텍,KQ
178320,서진시스템,KQ
122690,서진오토모티브,KQ
43260,성호전자,KQ
208370,셀바스헬스케어,KQ
60230,소니드,KQ
357780,솔브레인,KQ
236200,슈프리마,KQ
276040,스코넥,KQ
49830,승일,KQ
376290,씨유테크,KQ
413630,씨피시스템,KQ
25980,아난티,KQ
83930,아바코,KQ
136410,아셈스,KQ
339950,아이비김영,KQ
460470,아이빔테크놀로지,KQ
464500,아이언디바이스,KQ
212710,아이에스티이,KQ
38880,아이에이,KQ
124500,아이티센,KQ
158430,아톤,KQ
61040,알에프텍,KQ
52790,액토즈소프트,KQ
65420,에스아이리소스,KQ
101490,에스앤에스텍,KQ
306040,에스제이그룹,KQ
475580,에이럭스,KQ
295310,에이치브이엠,KQ
71670,에이테크솔루션,KQ
224110,에이텍모빌리티,KQ
38870,에코바이오,KQ
448280,에코아이,KQ
437780,엔에이치스팩24호,KQ
439410,엔에이치스팩26호,KQ
451700,엔에이치스팩29호,KQ
198080,엔피디,KQ
105550,엣지파운드리,KQ
45060,오공,KQ
52420,오성첨단소재,KQ
49480,오픈베이스,KQ
109080,옵티시스,KQ
432430,와이랩,KQ
41190,우리기술투자,KQ
115440,우리넷,KQ
215360,우리산업,KQ
32940,원익,KQ
65370,위세아이텍,KQ
299900,위지윅스튜디오,KQ
900340,윙입푸드,KQ
142210,유니트론텍,KQ
206650,유바이오로직스,KQ
264450,유비쿼스,KQ
340930,유일에너테크,KQ
272290,이녹스첨단소재,KQ
53350,이니텍,KQ
65440,이루온,KQ
80010,이상네트웍스,KQ
47560,이스트소프트,KQ
41830,인바디,KQ
189300,인텔리안테크,KQ
48530,인트론바이오,KQ
68330,일신바이오,KQ
950140,잉글우드랩,KQ
43910,자연과환경,KQ
234920,자이글,KQ
122310,제노레이,KQ
381620,제닉스,KQ
137950,제이씨케미칼,KQ
33320,제이씨현시스템,KQ
418550,제이오,KQ
72020,중앙백신,KQ
228760,지노믹트리,KQ
94850,참좋은여행,KQ
94360,칩스앤미디어,KQ
50110,캠시스,KQ
78340,컴투스,KQ
38530,케이바이오,KQ
384470,코어라인소프트,KQ
102940,코오롱생명과학,KQ
950160,코오롱티슈진,KQ
15710,코콤,KQ
348080,큐라티스,KQ
372320,큐로셀,KQ
66310,큐에스아이,KQ
139670,키네마스터,KQ
360070,탑머티리얼,KQ
322180,티라유텍,KQ
204610,티쓰리,KQ
84730,팅크웨어,KQ
54300,팬스타엔터프라이즈,KQ
271830,팸텍,KQ
5670,푸드웰,KQ
94940,푸른기술,KQ
53610,프로텍,KQ
405000,플라즈맵,KQ
19570,플루토스,KQ
300080,플리토,KQ
347740,피엔케이피부임상연구센타,KQ
6140,피제이전자,KQ
291810,핀텔,KQ
484130,하나34호스팩,KQ
13030,하이록코리아,KQ
126700,하이비젼시스템,KQ
106080,하이소닉,KQ
106190,하이텍팜,KQ
101680,한국정밀기계,KQ
37230,한국팩키지,KQ
92460,한라IMS,KQ
66980,한성크린텍,KQ
78350,한양디지텍,KQ
54920,한컴위드,KQ
34810,해성산업,KQ
220180,핸디소프트,KQ
214180,헥토이노베이션,KQ
187660,현대ADM,KQ
39010,현대에이치티,KQ
90850,현대이지웰,KQ
238490,힘스,KQ
13720,CBI,KQ
311690,CJ 바이오사이언스,KQ
60900,DGP,KQ
67630,HLB생명과학,KQ
115450,HLB테라퓨틱스,KQ
24120,KB오토시스,KQ
122450,KX,KQ
309960,LB인베스트먼트,KQ
78020,LS증권,KQ
104200,NHN벅스,KQ
198440,강동씨앤엘,KQ
114190,강원에너지,KQ
24910,경창산업,KQ
950190,고스트스튜디오,KQ
366030,공구우먼,KQ
60480,국일신동,KQ
204020,그리티,KQ
114450,그린생명과학,KQ
204620,글로벌텍스프리,KQ
53260,금강철강,KQ
286750,나노브릭,KQ
121600,나노신소재,KQ
51490,나라엠앤디,KQ
190510,나무가,KQ
267320,나인테크,KQ
91590,남화토건,KQ
330860,네패스아크,KQ
89140,넥스턴바이오,KQ
348210,넥스틴,KQ
225570,넥슨게임즈,KQ
340360,다보링크,KQ
7720,대명소노시즌,KQ
27830,대성창투,KQ
457390,대신밸런스제15호스팩,KQ
120240,대정화금,KQ
5160,동국산업,KQ
99410,동방선기,KQ
41930,동아화성,KQ
362990,드림인사이트,KQ
489730,디비금융제13호스팩,KQ
263720,디앤씨미디어,KQ
31860,디에이치엑스컴퍼니,KQ
310870,디와이씨,KQ
214260,라파스,KQ
38390,레드캡투어,KQ
443250,레뷰코퍼레이션,KQ
328130,루닛,KQ
38060,루멘스,KQ
474170,루미르,KQ
58470,리노공업,KQ
12700,리드코프,KQ
277070,린드먼아시아,KQ
195500,마니커에프앤지,KQ
67280,멀티캠퍼스,KQ
215200,메가스터디교육,KQ
14100,메디앙스,KQ
78160,메디포스트,KQ
140410,메지온,KQ
417970,모델솔루션,KQ
348030,모비릭스,KQ
33200,모아텍,KQ
333050,모코엠시스,KQ
100790,미래에셋벤처투자,KQ
201490,미투온,KQ
452200,민테크,KQ
38460,바이오스마트,KQ
382900,범한퓨얼셀,KQ
89970,브이엠,KQ
318410,비비씨,KQ
200780,비씨월드제약,KQ
466410,사이냅소프트,KQ
18310,삼목에스폼,KQ
263810,상신전자,KQ
11370,서한,KQ
45300,성우테크론,KQ
67770,세진티에스,KQ
53450,세코닉스,KQ
299660,셀리드,KQ
35610,솔본,KQ
328380,솔트웨어,KQ
86980,쇼박스,KQ
253450,스튜디오드래곤,KQ
20710,시공테크,KQ
452980,신한제11호스팩,KQ
50890,쏠리드,KQ
475400,씨메스,KQ
66790,씨씨에스,KQ
340810,씨유박스,KQ
461300,아이스크림미디어,KQ
462980,아이지넷,KQ
119830,아이텍,KQ
10280,아이티센엔텍,KQ
372800,아이티아이즈,KQ
84850,아이티엠반도체,KQ
27360,아주IB투자,KQ
32080,아즈텍WB,KQ
59120,아진엑스텍,KQ
65660,안트로젠,KQ
42110,에스씨디,KQ
31330,에스에이엠티,KQ
246250,에스엘에스바이오,KQ
41510,에스엠,KQ
7820,에스엠코어,KQ
365330,에스와이스틸텍,KQ
234300,에스트래픽,KQ
39440,에스티아이,KQ
96690,에이루트,KQ
203400,에이비온,KQ
241840,에이스토리,KQ
44990,에이치엔에스하이텍,KQ
97780,에코볼트,KQ
247540,에코프로비엠,KQ
383310,에코프로에이치엔,KQ
73540,에프알텍,KQ
54940,엑사이엔씨,KQ
69920,엑시온그룹,KQ
466910,엔에이치스팩30호,KQ
455900,엔젤로보틱스,KQ
291230,엔피,KQ
48830,엔피케이,KQ
96870,엘디티,KQ
156100,엘앤케이바이오,KQ
32790,엠젠솔루션,KQ
347890,엠투아이,KQ
60850,영림원소프트랩,KQ
36560,영풍정밀,KQ
250930,예선테크,KQ
80520,오디텍,KQ
31510,오스템,KQ
138080,오이솔루션,KQ
67170,오텍,KQ
96250,와이즈넛,KQ
273060,와이즈버즈,KQ
19210,와이지-원,KQ
32820,우리기술,KQ
37400,우리엔터프라이즈,KQ
65680,우주일렉트로,KQ
307280,원바이오젠,KQ
30530,원익홀딩스,KQ
8370,원풍,KQ
65950,웰크론,KQ
196700,웹스,KQ
44340,위닉스,KQ
101730,위메이드맥스,KQ
18000,유니슨,KQ
462350,이노스페이스,KQ
344860,이노진,KQ
239340,이스트에이드,KQ
418620,이에이트,KQ
294090,이오플로우,KQ
99750,이지케어텍,KQ
51370,인터플렉스,KQ
39290,인포뱅크,KQ
94820,일진파워,KQ
54950,제이브이엠,KQ
417500,제이아이테크,KQ
452160,제이엔비,KQ
33050,제이엠아이,KQ
89790,제이티,KQ
38010,제일테크노스,KQ
80220,제주반도체,KQ
51980,중앙첨단소재,KQ
263860,지니언스,KQ
303030,지니틱스,KQ
358570,지아이이노베이션,KQ
382800,지앤비에스 에코,KQ
65060,지엔코,KQ
140430,카티스,KQ
263700,케어랩스,KQ
221980,케이디켐,KQ
73010,케이에스피,KQ
225430,케이엠제약,KQ
41960,코미팜,KQ
56360,코위버,KQ
322780,코퍼스코리아,KQ
78940,퀀타피아,KQ
405100,큐알티,KQ
134580,탑코미디어,KQ
475960,토모큐브,KQ
290090,트윔,KQ
26150,특수건설,KQ
131100,티엔엔터테인먼트,KQ
387570,파인메딕스,KQ
131760,파인텍,KQ
32800,판타지오,KQ
119500,포메탈,KQ
331380,포커스에이치엔에스,KQ
472850,폰드그룹,KQ
114630,폴라리스우노,KQ
7330,푸른저축은행,KQ
33790,피노,KQ
137400,피엔티,KQ
128660,피제이메탈,KQ
161580,필옵틱스,KQ
163730,핑거,KQ
160190,하이젠알앤엠,KQ
63570,한국전자금융,KQ
53300,한국정보인증,KQ
464440,한국제13호스팩,KQ
477530,한국제14호스팩,KQ
54040,한국컴퓨터,KQ
30520,한글과컴퓨터,KQ
114810,한솔아이원스,KQ
42520,한스바이오메드,KQ
7770,한일화학,KQ
234340,헥토파이낸셜,KQ
170030,현대공업,KQ
52260,현대바이오랜드,KQ
192410,휴림네트웍스,KQ
200670,휴메딕스,KQ
65510,휴비츠,KQ
84110,휴온스글로벌,KQ
145020,휴젤,KQ
37440,희림,KQ
211270,AP위성,KQ
126600,BGF에코머티리얼즈,KQ
83790,CG인바이츠,KQ
58820,CMG제약,KQ
297890,HB솔루션,KQ
24850,HLB이노베이션,KQ
448760,IBKS제22호스팩,KQ
24840,KBI메탈,KQ
492220,KB제31호스팩,KQ
36670,KCI,KQ
35600,KG이니시스,KQ
417200,LS머트리얼즈,KQ
60250,NHN KCP,KQ
16250,SGC E&C,KQ
473000,SK증권제12호스팩,KQ
32540,TJ미디어,KQ
53950,경남제약,KQ
14570,고려제약,KQ
215000,골프존,KQ
26910,광진실업,KQ
456490,교보14호스팩,KQ
482520,교보16호스팩,KQ
43650,국순당,KQ
407400,꿈비,KQ
247660,나노씨엠에스,KQ
137080,나래나노텍,KQ
242040,나무기술,KQ
138610,나이벡,KQ
95660,네오위즈,KQ
311390,네오크레마,KQ
396270,넥스트칩,KQ
194700,노바렉스,KQ
348340,뉴로메카,KQ
144960,뉴파워프라즈마,KQ
64260,다날,KQ
32190,다우데이타,KQ
17650,대림제지,KQ
7680,대원,KQ
78600,대주전자재료,KQ
96350,대창솔루션,KQ
224060,더코디,KQ
228340,동양파일,KQ
32960,동일기연,KQ
73190,듀오백,KQ
16670,디모아,KQ
110990,디아이티,KQ
376300,디어유,KQ
66900,디에이피,KQ
92070,디엔에프,KQ
219550,디와이디,KQ
68930,디지털대성,KQ
263020,디케이앤디,KQ
199550,레이저옵텍,KQ
215100,로보로보,KQ
900260,로스웰,KQ
67730,로지시스,KQ
219420,링크제니시스,KQ
267980,매일유업,KQ
100590,머큐리,KQ
72870,메가스터디,KQ
133750,메가엠디,KQ
408920,메쎄이상,KQ
250060,모비스,KQ
142760,모아라이프플러스,KQ
118990,모트렉스,KQ
1810,무림SP,KQ
218150,미래생명자원,KQ
477380,미래에셋비전스팩4호,KQ
18700,바른손,KQ
323990,박셀바이오,KQ
225530,보광산업,KQ
42370,비츠로테크,KQ
50090,비케이홀딩스,KQ
307870,비투엔,KQ
32850,비트컴퓨터,KQ
451250,삐아,KQ
122350,삼기,KQ
468510,삼성스팩9호,KQ
54540,삼영엠텍,KQ
2290,삼일기업공사,KQ
37460,삼지전자,KQ
46390,삼화네트웍스,KQ
27580,상보,KQ
63170,서울옥션,KQ
65710,서호전기,KQ
188260,세니젠,KQ
49180,셀루메드,KQ
68760,셀트리온제약,KQ
66910,손오공,KQ
94840,슈프리마에이치큐,KQ
232830,시큐센,KQ
177900,쓰리에이로직스,KQ
222080,씨아이에스,KQ
900120,씨엑스아이,KQ
125210,아모그린텍,KQ
159010,아스플로,KQ
307180,아이엘사이언스,KQ
451220,아이엠티,KQ
59100,아이컴포넌트,KQ
52460,아이크래프트,KQ
297570,알로이스,KQ
148250,알엔투테크놀로지,KQ
196170,알테오젠,KQ
291650,압타머사이언스,KQ
238120,얼라인드,KQ
270660,에브리봇,KQ
304360,에스바이오메딕스,KQ
389500,에스비비테크,KQ
56190,에스에프에이,KQ
237690,에스티팜,KQ
462020,에이치엠씨제6호스팩,KQ
200470,에이팩트,KQ
101360,에코앤드림,KQ
38110,에코플라스틱,KQ
70300,엑스큐어,KQ
67570,엔브이에이치코리아,KQ
73110,엘엠에스,KQ
259630,엠플러스,KQ
122640,예스티,KQ
39830,오로라,KQ
53980,오상자이엘,KQ
80580,오킨스전자,KQ
382150,온코크로스,KQ
244460,올리패스,KQ
57540,옴니시스템,KQ
153710,옵티팜,KQ
251370,와이엠티,KQ
332570,와이팜,KQ
14190,원익큐브,KQ
217820,원익피앤이,KQ
36090,위지트,KQ
97800,윈팩,KQ
84440,유비온,KQ
78070,유비쿼스홀딩스,KQ
54930,유신,KQ
430700,유안타제9호스팩,KQ
442130,유진스팩9호,KQ
303530,이노뎁,KQ
95190,이엠코리아,KQ
88290,이원컴포텍,KQ
79950,인베니아,KQ
60150,인선이엔티,KQ
37330,인지디스플레,KQ
211050,인카금융서비스,KQ
19540,일지테크,KQ
289220,자이언트스텝,KQ
417840,저스템,KQ
94970,제이엠티,KQ
420570,제이투케이바이오,KQ
276730,제주맥주,KQ
34940,조아제약,KQ
43610,지니뮤직,KQ
144510,지씨셀,KQ
119850,지엔씨에너지,KQ
109820,진매트릭스,KQ
278280,천보,KQ
293490,카카오게임즈,KQ
71850,캐스텍코리아,KQ
210120,캔버스엔,KQ
900310,컬러레이,KQ
89150,케이씨티,KQ
25880,케이씨피드,KQ
93320,케이아이엔엑스,KQ
83550,케이엠,KQ
32500,케이엠더블유,KQ
68100,케이웨더,KQ
36030,케이티알파,KQ
360350,코셈,KQ
96240,크레버스,KQ
323280,태성,KQ
95610,테스,KQ
200230,텔콘RF제약,KQ
340570,티앤엘,KQ
356860,티엘비,KQ
130740,티피씨글로벌,KQ
441270,파인엠텍,KQ
140860,파크시스템스,KQ
251970,펌텍코리아,KQ
168360,펨트론,KQ
87010,펩트론,KQ
41910,폴라리스AI파마,KQ
445180,퓨릿,KQ
303360,프로티아,KQ
23770,플레이위드,KQ
32580,피델릭스,KQ
241820,피씨엘,KQ
469880,하나30호스팩,KQ
166090,하나머티리얼즈,KQ
136480,하림,KQ
3380,하림지주,KQ
34950,한국기업평가,KQ
39740,한국정보공학,KQ
25770,한국정보통신,KQ
62970,한국첨단소재,KQ
23760,한국캐피탈,KQ
21650,한국큐빅,KQ
24740,한일단조,KQ
84990,헬릭스미스,KQ
319400,현대무벡스,KQ
28080,휴맥스홀딩스,KQ
189980,흥국에프엔비,KQ
